[{"model": "admin.logentry", "pk": 1, "fields": {"action_time": "2025-07-26T19:32:34.923Z", "user": 1, "content_type": 6, "object_id": "2", "object_repr": "debibu (cashier)", "action_flag": 1, "change_message": "[{\"added\": {}}]"}}, {"model": "admin.logentry", "pk": 2, "fields": {"action_time": "2025-07-26T19:38:53.315Z", "user": 1, "content_type": 6, "object_id": "2", "object_repr": "debibu (cashier)", "action_flag": 2, "change_message": "[{\"changed\": {\"fields\": [\"Staff status\"]}}]"}}, {"model": "admin.logentry", "pk": 3, "fields": {"action_time": "2025-07-26T19:38:59.996Z", "user": 1, "content_type": 6, "object_id": "2", "object_repr": "debibu (cashier)", "action_flag": 2, "change_message": "[{\"changed\": {\"fields\": [\"Active\"]}}]"}}, {"model": "admin.logentry", "pk": 4, "fields": {"action_time": "2025-07-26T19:39:49.847Z", "user": 1, "content_type": 6, "object_id": "2", "object_repr": "debibu (cashier)", "action_flag": 2, "change_message": "[{\"changed\": {\"fields\": [\"Staff status\", \"Active\"]}}]"}}, {"model": "admin.logentry", "pk": 5, "fields": {"action_time": "2025-07-26T19:47:14.547Z", "user": 1, "content_type": 6, "object_id": "2", "object_repr": "debibu (cashier)", "action_flag": 2, "change_message": "[{\"changed\": {\"fields\": [\"password\"]}}]"}}, {"model": "admin.logentry", "pk": 6, "fields": {"action_time": "2025-07-26T19:59:50.018Z", "user": 1, "content_type": 6, "object_id": "1", "object_repr": "bimo (admin)", "action_flag": 2, "change_message": "[{\"changed\": {\"fields\": [\"Role\"]}}]"}}, {"model": "admin.logentry", "pk": 7, "fields": {"action_time": "2025-07-28T16:56:41.693Z", "user": 1, "content_type": 12, "object_id": "1", "object_repr": "Rizky", "action_flag": 1, "change_message": "[{\"added\": {}}]"}}, {"model": "admin.logentry", "pk": 8, "fields": {"action_time": "2025-07-28T18:18:58.896Z", "user": 1, "content_type": 12, "object_id": "2", "object_repr": "Cahya", "action_flag": 1, "change_message": "[{\"added\": {}}]"}}, {"model": "admin.logentry", "pk": 9, "fields": {"action_time": "2025-07-28T18:51:06.970Z", "user": 1, "content_type": 13, "object_id": "7", "object_repr": "Rizky - 2025-07-28", "action_flag": 3, "change_message": ""}}, {"model": "admin.logentry", "pk": 10, "fields": {"action_time": "2025-07-28T18:51:06.970Z", "user": 1, "content_type": 13, "object_id": "6", "object_repr": "Rizky - 2025-07-28", "action_flag": 3, "change_message": ""}}, {"model": "admin.logentry", "pk": 11, "fields": {"action_time": "2025-07-28T18:51:06.970Z", "user": 1, "content_type": 13, "object_id": "5", "object_repr": "Rizky - 2025-07-28", "action_flag": 3, "change_message": ""}}, {"model": "admin.logentry", "pk": 12, "fields": {"action_time": "2025-07-28T18:51:06.970Z", "user": 1, "content_type": 13, "object_id": "4", "object_repr": "Rizky - 2025-07-28", "action_flag": 3, "change_message": ""}}, {"model": "admin.logentry", "pk": 13, "fields": {"action_time": "2025-07-28T18:51:06.970Z", "user": 1, "content_type": 13, "object_id": "3", "object_repr": "Rizky - 2025-07-28", "action_flag": 3, "change_message": ""}}, {"model": "admin.logentry", "pk": 14, "fields": {"action_time": "2025-07-28T18:51:06.970Z", "user": 1, "content_type": 13, "object_id": "2", "object_repr": "Rizky - 2025-07-28", "action_flag": 3, "change_message": ""}}, {"model": "admin.logentry", "pk": 15, "fields": {"action_time": "2025-07-28T18:51:06.970Z", "user": 1, "content_type": 13, "object_id": "1", "object_repr": "Rizky - 2025-07-28", "action_flag": 3, "change_message": ""}}, {"model": "admin.logentry", "pk": 16, "fields": {"action_time": "2025-07-28T18:51:36.586Z", "user": 1, "content_type": 13, "object_id": "8", "object_repr": "Rizky - 2025-07-01", "action_flag": 1, "change_message": "[{\"added\": {}}]"}}, {"model": "admin.logentry", "pk": 17, "fields": {"action_time": "2025-07-28T18:52:53.844Z", "user": 1, "content_type": 12, "object_id": "1", "object_repr": "Rizky", "action_flag": 2, "change_message": "[{\"changed\": {\"fields\": [\"Current balance\"]}}]"}}, {"model": "admin.logentry", "pk": 18, "fields": {"action_time": "2025-07-28T18:53:05.327Z", "user": 1, "content_type": 13, "object_id": "8", "object_repr": "Rizky - 2025-06-30", "action_flag": 3, "change_message": ""}}, {"model": "admin.logentry", "pk": 19, "fields": {"action_time": "2025-07-28T18:53:31.368Z", "user": 1, "content_type": 13, "object_id": "9", "object_repr": "Rizky - 2025-07-07", "action_flag": 1, "change_message": "[{\"added\": {}}]"}}, {"model": "admin.logentry", "pk": 20, "fields": {"action_time": "2025-07-28T18:54:15.637Z", "user": 1, "content_type": 12, "object_id": "1", "object_repr": "Rizky", "action_flag": 2, "change_message": "[{\"changed\": {\"fields\": [\"Current balance\"]}}]"}}, {"model": "admin.logentry", "pk": 21, "fields": {"action_time": "2025-07-28T18:54:30.096Z", "user": 1, "content_type": 13, "object_id": "10", "object_repr": "Rizky - 2025-07-08", "action_flag": 1, "change_message": "[{\"added\": {}}]"}}, {"model": "admin.logentry", "pk": 22, "fields": {"action_time": "2025-07-28T18:54:39.643Z", "user": 1, "content_type": 12, "object_id": "1", "object_repr": "Rizky", "action_flag": 2, "change_message": "[{\"changed\": {\"fields\": [\"Current balance\"]}}]"}}, {"model": "admin.logentry", "pk": 23, "fields": {"action_time": "2025-07-28T18:55:22.497Z", "user": 1, "content_type": 13, "object_id": "10", "object_repr": "Rizky - 2025-07-08", "action_flag": 2, "change_message": "[]"}}, {"model": "admin.logentry", "pk": 24, "fields": {"action_time": "2025-07-28T19:05:57.560Z", "user": 1, "content_type": 13, "object_id": "11", "object_repr": "Rizky - 2025-07-08", "action_flag": 1, "change_message": "[{\"added\": {}}]"}}, {"model": "admin.logentry", "pk": 25, "fields": {"action_time": "2025-08-02T20:23:42.915Z", "user": 1, "content_type": 11, "object_id": "3", "object_repr": "Fefeffw", "action_flag": 1, "change_message": "[{\"added\": {}}]"}}, {"model": "admin.logentry", "pk": 26, "fields": {"action_time": "2025-08-02T20:23:48.910Z", "user": 1, "content_type": 11, "object_id": "4", "object_repr": "fewfwfwe", "action_flag": 1, "change_message": "[{\"added\": {}}]"}}, {"model": "admin.logentry", "pk": 27, "fields": {"action_time": "2025-08-02T20:23:54.927Z", "user": 1, "content_type": 11, "object_id": "5", "object_repr": "gregegerg", "action_flag": 1, "change_message": "[{\"added\": {}}]"}}, {"model": "admin.logentry", "pk": 28, "fields": {"action_time": "2025-08-02T20:24:01.393Z", "user": 1, "content_type": 11, "object_id": "6", "object_repr": "svevrvwrverve", "action_flag": 1, "change_message": "[{\"added\": {}}]"}}, {"model": "admin.logentry", "pk": 29, "fields": {"action_time": "2025-08-02T20:24:07.060Z", "user": 1, "content_type": 11, "object_id": "7", "object_repr": "dsvdsvsfvsr", "action_flag": 1, "change_message": "[{\"added\": {}}]"}}, {"model": "admin.logentry", "pk": 30, "fields": {"action_time": "2025-08-04T18:56:58.255Z", "user": 1, "content_type": 15, "object_id": "9", "object_repr": "Order object (9)", "action_flag": 3, "change_message": ""}}, {"model": "admin.logentry", "pk": 31, "fields": {"action_time": "2025-08-04T18:56:58.255Z", "user": 1, "content_type": 15, "object_id": "8", "object_repr": "Order object (8)", "action_flag": 3, "change_message": ""}}, {"model": "admin.logentry", "pk": 32, "fields": {"action_time": "2025-08-04T18:56:58.255Z", "user": 1, "content_type": 15, "object_id": "7", "object_repr": "Order object (7)", "action_flag": 3, "change_message": ""}}, {"model": "admin.logentry", "pk": 33, "fields": {"action_time": "2025-08-04T18:56:58.255Z", "user": 1, "content_type": 15, "object_id": "6", "object_repr": "Order object (6)", "action_flag": 3, "change_message": ""}}, {"model": "admin.logentry", "pk": 34, "fields": {"action_time": "2025-08-04T18:56:58.255Z", "user": 1, "content_type": 15, "object_id": "5", "object_repr": "Order object (5)", "action_flag": 3, "change_message": ""}}, {"model": "admin.logentry", "pk": 35, "fields": {"action_time": "2025-08-04T18:56:58.255Z", "user": 1, "content_type": 15, "object_id": "4", "object_repr": "Order object (4)", "action_flag": 3, "change_message": ""}}, {"model": "admin.logentry", "pk": 36, "fields": {"action_time": "2025-08-07T06:54:03.019Z", "user": 1, "content_type": 13, "object_id": "11", "object_repr": "Rizky - 2025-07-07", "action_flag": 3, "change_message": ""}}, {"model": "admin.logentry", "pk": 37, "fields": {"action_time": "2025-08-07T06:54:03.019Z", "user": 1, "content_type": 13, "object_id": "10", "object_repr": "Rizky - 2025-07-07", "action_flag": 3, "change_message": ""}}, {"model": "admin.logentry", "pk": 38, "fields": {"action_time": "2025-08-07T06:54:03.019Z", "user": 1, "content_type": 13, "object_id": "9", "object_repr": "Rizky - 2025-07-06", "action_flag": 3, "change_message": ""}}, {"model": "admin.logentry", "pk": 39, "fields": {"action_time": "2025-08-07T06:54:41.815Z", "user": 1, "content_type": 14, "object_id": "4", "object_repr": "Rizky - 2025-07-08 to 2025-07-07", "action_flag": 3, "change_message": ""}}, {"model": "admin.logentry", "pk": 40, "fields": {"action_time": "2025-08-07T06:54:41.815Z", "user": 1, "content_type": 14, "object_id": "3", "object_repr": "Rizky - 2025-07-08 to 2025-07-07", "action_flag": 3, "change_message": ""}}, {"model": "admin.logentry", "pk": 41, "fields": {"action_time": "2025-08-07T06:54:41.815Z", "user": 1, "content_type": 14, "object_id": "2", "object_repr": "Rizky - 2025-07-08 to 2025-07-07", "action_flag": 3, "change_message": ""}}, {"model": "admin.logentry", "pk": 42, "fields": {"action_time": "2025-08-07T06:54:41.815Z", "user": 1, "content_type": 14, "object_id": "1", "object_repr": "Rizky - 2025-07-06 to 2025-07-07", "action_flag": 3, "change_message": ""}}, {"model": "admin.logentry", "pk": 43, "fields": {"action_time": "2025-08-09T07:03:38.135Z", "user": 1, "content_type": 13, "object_id": "12", "object_repr": "Rizky - 2025-08-09", "action_flag": 1, "change_message": "[{\"added\": {}}]"}}, {"model": "admin.logentry", "pk": 44, "fields": {"action_time": "2025-08-09T07:51:57.194Z", "user": 1, "content_type": 13, "object_id": "14", "object_repr": "Cahya - 2025-08-09", "action_flag": 1, "change_message": "[{\"added\": {}}]"}}, {"model": "admin.logentry", "pk": 45, "fields": {"action_time": "2025-08-09T07:52:12.720Z", "user": 1, "content_type": 13, "object_id": "15", "object_repr": "Cahya - 2025-08-04", "action_flag": 1, "change_message": "[{\"added\": {}}]"}}, {"model": "admin.logentry", "pk": 46, "fields": {"action_time": "2025-08-09T09:54:21.406Z", "user": 1, "content_type": 13, "object_id": "16", "object_repr": "Cahya - 2025-08-09", "action_flag": 1, "change_message": "[{\"added\": {}}]"}}, {"model": "admin.logentry", "pk": 47, "fields": {"action_time": "2025-08-09T14:15:58.373Z", "user": 1, "content_type": 13, "object_id": "17", "object_repr": "Rizky - 2025-07-15", "action_flag": 1, "change_message": "[{\"added\": {}}]"}}, {"model": "admin.logentry", "pk": 48, "fields": {"action_time": "2025-08-09T17:45:23.589Z", "user": 3, "content_type": 6, "object_id": "3", "object_repr": "mobi (admin)", "action_flag": 2, "change_message": "[{\"changed\": {\"fields\": [\"Role\"]}}]"}}, {"model": "admin.logentry", "pk": 49, "fields": {"action_time": "2025-08-09T17:59:08.581Z", "user": 3, "content_type": 6, "object_id": "3", "object_repr": "mobi (cashier)", "action_flag": 2, "change_message": "[{\"changed\": {\"fields\": [\"Role\"]}}]"}}, {"model": "admin.logentry", "pk": 50, "fields": {"action_time": "2025-08-09T18:40:43.472Z", "user": 3, "content_type": 6, "object_id": "3", "object_repr": "mobi (admin)", "action_flag": 2, "change_message": "[{\"changed\": {\"fields\": [\"Role\"]}}]"}}, {"model": "admin.logentry", "pk": 51, "fields": {"action_time": "2025-08-09T18:42:02.959Z", "user": 3, "content_type": 6, "object_id": "3", "object_repr": "mobi (admin)", "action_flag": 2, "change_message": "[]"}}, {"model": "admin.logentry", "pk": 52, "fields": {"action_time": "2025-08-09T18:50:27.751Z", "user": 3, "content_type": 6, "object_id": "3", "object_repr": "mobi (cashier)", "action_flag": 2, "change_message": "[{\"changed\": {\"fields\": [\"Role\"]}}]"}}, {"model": "auth.permission", "pk": 1, "fields": {"name": "Can add log entry", "content_type": 1, "codename": "add_logentry"}}, {"model": "auth.permission", "pk": 2, "fields": {"name": "Can change log entry", "content_type": 1, "codename": "change_logentry"}}, {"model": "auth.permission", "pk": 3, "fields": {"name": "Can delete log entry", "content_type": 1, "codename": "delete_logentry"}}, {"model": "auth.permission", "pk": 4, "fields": {"name": "Can view log entry", "content_type": 1, "codename": "view_logentry"}}, {"model": "auth.permission", "pk": 5, "fields": {"name": "Can add permission", "content_type": 2, "codename": "add_permission"}}, {"model": "auth.permission", "pk": 6, "fields": {"name": "Can change permission", "content_type": 2, "codename": "change_permission"}}, {"model": "auth.permission", "pk": 7, "fields": {"name": "Can delete permission", "content_type": 2, "codename": "delete_permission"}}, {"model": "auth.permission", "pk": 8, "fields": {"name": "Can view permission", "content_type": 2, "codename": "view_permission"}}, {"model": "auth.permission", "pk": 9, "fields": {"name": "Can add group", "content_type": 3, "codename": "add_group"}}, {"model": "auth.permission", "pk": 10, "fields": {"name": "Can change group", "content_type": 3, "codename": "change_group"}}, {"model": "auth.permission", "pk": 11, "fields": {"name": "Can delete group", "content_type": 3, "codename": "delete_group"}}, {"model": "auth.permission", "pk": 12, "fields": {"name": "Can view group", "content_type": 3, "codename": "view_group"}}, {"model": "auth.permission", "pk": 13, "fields": {"name": "Can add content type", "content_type": 4, "codename": "add_contenttype"}}, {"model": "auth.permission", "pk": 14, "fields": {"name": "Can change content type", "content_type": 4, "codename": "change_contenttype"}}, {"model": "auth.permission", "pk": 15, "fields": {"name": "Can delete content type", "content_type": 4, "codename": "delete_contenttype"}}, {"model": "auth.permission", "pk": 16, "fields": {"name": "Can view content type", "content_type": 4, "codename": "view_contenttype"}}, {"model": "auth.permission", "pk": 17, "fields": {"name": "Can add session", "content_type": 5, "codename": "add_session"}}, {"model": "auth.permission", "pk": 18, "fields": {"name": "Can change session", "content_type": 5, "codename": "change_session"}}, {"model": "auth.permission", "pk": 19, "fields": {"name": "Can delete session", "content_type": 5, "codename": "delete_session"}}, {"model": "auth.permission", "pk": 20, "fields": {"name": "Can view session", "content_type": 5, "codename": "view_session"}}, {"model": "auth.permission", "pk": 21, "fields": {"name": "Can add user", "content_type": 6, "codename": "add_user"}}, {"model": "auth.permission", "pk": 22, "fields": {"name": "Can change user", "content_type": 6, "codename": "change_user"}}, {"model": "auth.permission", "pk": 23, "fields": {"name": "Can delete user", "content_type": 6, "codename": "delete_user"}}, {"model": "auth.permission", "pk": 24, "fields": {"name": "Can view user", "content_type": 6, "codename": "view_user"}}, {"model": "auth.permission", "pk": 25, "fields": {"name": "Can add stock entry", "content_type": 7, "codename": "add_stockentry"}}, {"model": "auth.permission", "pk": 26, "fields": {"name": "Can change stock entry", "content_type": 7, "codename": "change_stockentry"}}, {"model": "auth.permission", "pk": 27, "fields": {"name": "Can delete stock entry", "content_type": 7, "codename": "delete_stockentry"}}, {"model": "auth.permission", "pk": 28, "fields": {"name": "Can view stock entry", "content_type": 7, "codename": "view_stockentry"}}, {"model": "auth.permission", "pk": 29, "fields": {"name": "Can add ingredient", "content_type": 8, "codename": "add_ingredient"}}, {"model": "auth.permission", "pk": 30, "fields": {"name": "Can change ingredient", "content_type": 8, "codename": "change_ingredient"}}, {"model": "auth.permission", "pk": 31, "fields": {"name": "Can delete ingredient", "content_type": 8, "codename": "delete_ingredient"}}, {"model": "auth.permission", "pk": 32, "fields": {"name": "Can view ingredient", "content_type": 8, "codename": "view_ingredient"}}, {"model": "auth.permission", "pk": 33, "fields": {"name": "Can add smoothie menu", "content_type": 9, "codename": "add_smoothiemenu"}}, {"model": "auth.permission", "pk": 34, "fields": {"name": "Can change smoothie menu", "content_type": 9, "codename": "change_smoothiemenu"}}, {"model": "auth.permission", "pk": 35, "fields": {"name": "Can delete smoothie menu", "content_type": 9, "codename": "delete_smoothiemenu"}}, {"model": "auth.permission", "pk": 36, "fields": {"name": "Can view smoothie menu", "content_type": 9, "codename": "view_smoothiemenu"}}, {"model": "auth.permission", "pk": 37, "fields": {"name": "Can add smoothie ingredient", "content_type": 10, "codename": "add_smoothieingredient"}}, {"model": "auth.permission", "pk": 38, "fields": {"name": "Can change smoothie ingredient", "content_type": 10, "codename": "change_smoothieingredient"}}, {"model": "auth.permission", "pk": 39, "fields": {"name": "Can delete smoothie ingredient", "content_type": 10, "codename": "delete_smoothieingredient"}}, {"model": "auth.permission", "pk": 40, "fields": {"name": "Can view smoothie ingredient", "content_type": 10, "codename": "view_smoothieingredient"}}, {"model": "auth.permission", "pk": 41, "fields": {"name": "Can add customer", "content_type": 11, "codename": "add_customer"}}, {"model": "auth.permission", "pk": 42, "fields": {"name": "Can change customer", "content_type": 11, "codename": "change_customer"}}, {"model": "auth.permission", "pk": 43, "fields": {"name": "Can delete customer", "content_type": 11, "codename": "delete_customer"}}, {"model": "auth.permission", "pk": 44, "fields": {"name": "Can view customer", "content_type": 11, "codename": "view_customer"}}, {"model": "auth.permission", "pk": 45, "fields": {"name": "Can add employee", "content_type": 12, "codename": "add_employee"}}, {"model": "auth.permission", "pk": 46, "fields": {"name": "Can change employee", "content_type": 12, "codename": "change_employee"}}, {"model": "auth.permission", "pk": 47, "fields": {"name": "Can delete employee", "content_type": 12, "codename": "delete_employee"}}, {"model": "auth.permission", "pk": 48, "fields": {"name": "Can view employee", "content_type": 12, "codename": "view_employee"}}, {"model": "auth.permission", "pk": 49, "fields": {"name": "Can add attendance", "content_type": 13, "codename": "add_attendance"}}, {"model": "auth.permission", "pk": 50, "fields": {"name": "Can change attendance", "content_type": 13, "codename": "change_attendance"}}, {"model": "auth.permission", "pk": 51, "fields": {"name": "Can delete attendance", "content_type": 13, "codename": "delete_attendance"}}, {"model": "auth.permission", "pk": 52, "fields": {"name": "Can view attendance", "content_type": 13, "codename": "view_attendance"}}, {"model": "auth.permission", "pk": 53, "fields": {"name": "Can add payroll", "content_type": 14, "codename": "add_payroll"}}, {"model": "auth.permission", "pk": 54, "fields": {"name": "Can change payroll", "content_type": 14, "codename": "change_payroll"}}, {"model": "auth.permission", "pk": 55, "fields": {"name": "Can delete payroll", "content_type": 14, "codename": "delete_payroll"}}, {"model": "auth.permission", "pk": 56, "fields": {"name": "Can view payroll", "content_type": 14, "codename": "view_payroll"}}, {"model": "auth.permission", "pk": 57, "fields": {"name": "Can add order", "content_type": 15, "codename": "add_order"}}, {"model": "auth.permission", "pk": 58, "fields": {"name": "Can change order", "content_type": 15, "codename": "change_order"}}, {"model": "auth.permission", "pk": 59, "fields": {"name": "Can delete order", "content_type": 15, "codename": "delete_order"}}, {"model": "auth.permission", "pk": 60, "fields": {"name": "Can view order", "content_type": 15, "codename": "view_order"}}, {"model": "auth.permission", "pk": 61, "fields": {"name": "Can add order item", "content_type": 16, "codename": "add_orderitem"}}, {"model": "auth.permission", "pk": 62, "fields": {"name": "Can change order item", "content_type": 16, "codename": "change_orderitem"}}, {"model": "auth.permission", "pk": 63, "fields": {"name": "Can delete order item", "content_type": 16, "codename": "delete_orderitem"}}, {"model": "auth.permission", "pk": 64, "fields": {"name": "Can view order item", "content_type": 16, "codename": "view_orderitem"}}, {"model": "contenttypes.contenttype", "pk": 1, "fields": {"app_label": "admin", "model": "logentry"}}, {"model": "contenttypes.contenttype", "pk": 2, "fields": {"app_label": "auth", "model": "permission"}}, {"model": "contenttypes.contenttype", "pk": 3, "fields": {"app_label": "auth", "model": "group"}}, {"model": "contenttypes.contenttype", "pk": 4, "fields": {"app_label": "contenttypes", "model": "contenttype"}}, {"model": "contenttypes.contenttype", "pk": 5, "fields": {"app_label": "sessions", "model": "session"}}, {"model": "contenttypes.contenttype", "pk": 6, "fields": {"app_label": "core", "model": "user"}}, {"model": "contenttypes.contenttype", "pk": 7, "fields": {"app_label": "inventory", "model": "stockentry"}}, {"model": "contenttypes.contenttype", "pk": 8, "fields": {"app_label": "inventory", "model": "ingredient"}}, {"model": "contenttypes.contenttype", "pk": 9, "fields": {"app_label": "inventory", "model": "smoothiemenu"}}, {"model": "contenttypes.contenttype", "pk": 10, "fields": {"app_label": "inventory", "model": "smoothieingredient"}}, {"model": "contenttypes.contenttype", "pk": 11, "fields": {"app_label": "customers", "model": "customer"}}, {"model": "contenttypes.contenttype", "pk": 12, "fields": {"app_label": "employee", "model": "employee"}}, {"model": "contenttypes.contenttype", "pk": 13, "fields": {"app_label": "employee", "model": "attendance"}}, {"model": "contenttypes.contenttype", "pk": 14, "fields": {"app_label": "employee", "model": "payroll"}}, {"model": "contenttypes.contenttype", "pk": 15, "fields": {"app_label": "sales", "model": "order"}}, {"model": "contenttypes.contenttype", "pk": 16, "fields": {"app_label": "sales", "model": "orderitem"}}, {"model": "sessions.session", "pk": "xd876xx5ny94kxr58ala09c8uzg4de7e", "fields": {"session_data": ".eJxVjEEOgjAURO_StWna2g_FpXvP0Ez_LxY1kFBYGe8uJCx0Ncm8N_NWEetS4lrzHAdRF3VWp98ugZ953IE8MN4nzdO4zEPSu6IPWvVtkvy6Hu7fQUEt2xqSyErHxhKQQiu2NQ31MC4kbwLbjIaxpekIDciJ90ye4HLfsmX1-QLzFjhB:1ukoWB:Kp9PkfC705OPC_TYQIp4bRCEG-V3EBxuj_KALzzP1Xs", "expire_date": "2025-08-23T18:42:11.406Z"}}, {"model": "core.user", "pk": 1, "fields": {"password": "pbkdf2_sha256$1000000$WvEMMAmofN0c9YhMJ1Iz63$lnlJ+Bg470l1KohE0D2iGejdteTP+1lY26cU1VY+nVQ=", "last_login": "2025-07-26T19:59:56.582Z", "is_superuser": true, "username": "bimo", "first_name": "", "last_name": "", "email": "bimopriyoh@gmail.com", "is_staff": true, "is_active": true, "date_joined": "2025-07-26T19:32:13Z", "role": "admin", "groups": [], "user_permissions": []}}, {"model": "core.user", "pk": 2, "fields": {"password": "pbkdf2_sha256$1000000$bu4MSQPMLbFg1VXw9Mng9Z$kdjTHSlt4YdakyRWdVupxpzky4T8Irh7cXepctoazjw=", "last_login": "2025-07-26T19:56:26.061Z", "is_superuser": false, "username": "debibu", "first_name": "", "last_name": "", "email": "", "is_staff": false, "is_active": true, "date_joined": "2025-07-26T19:32:23Z", "role": "cashier", "groups": [], "user_permissions": []}}, {"model": "core.user", "pk": 3, "fields": {"password": "pbkdf2_sha256$1000000$c2uDf3vLI1Nr5GPbC1xfBb$XK/V7JZYCigX9GTEvnTtBByiMdUqy3YtXBuGP308In0=", "last_login": "2025-08-09T18:42:11Z", "is_superuser": true, "username": "mobi", "first_name": "", "last_name": "", "email": "mobi@gmail.com", "is_staff": true, "is_active": true, "date_joined": "2025-08-09T17:44:02Z", "role": "cashier", "groups": [], "user_permissions": []}}, {"model": "inventory.ingredient", "pk": 3, "fields": {"name": "Mangga", "unit": "Kg", "quantity_in_stock": 17.0, "low_stock_threshold": 10.0}}, {"model": "inventory.ingredient", "pk": 5, "fields": {"name": "Stroberi", "unit": "Kg", "quantity_in_stock": 11.0, "low_stock_threshold": 10.0}}, {"model": "inventory.ingredient", "pk": 6, "fields": {"name": "Pisang", "unit": "Kg", "quantity_in_stock": 14.200000000000001, "low_stock_threshold": 10.0}}, {"model": "inventory.ingredient", "pk": 7, "fields": {"name": "Yogurt", "unit": "Kg", "quantity_in_stock": 10.0, "low_stock_threshold": 5.0}}, {"model": "inventory.ingredient", "pk": 8, "fields": {"name": "Es batu", "unit": "Kg", "quantity_in_stock": 18.92, "low_stock_threshold": 5.0}}, {"model": "inventory.ingredient", "pk": 9, "fields": {"name": "Air", "unit": "Kg", "quantity_in_stock": 18.0, "low_stock_threshold": 10.0}}, {"model": "inventory.ingredient", "pk": 10, "fields": {"name": "Gula", "unit": "Kg", "quantity_in_stock": 19.864999999999995, "low_stock_threshold": 10.0}}, {"model": "inventory.ingredient", "pk": 11, "fields": {"name": "Creamer", "unit": "Kg", "quantity_in_stock": 15.0, "low_stock_threshold": 10.0}}, {"model": "inventory.ingredient", "pk": 12, "fields": {"name": "Oat", "unit": "Kg", "quantity_in_stock": 19.0, "low_stock_threshold": 10.0}}, {"model": "inventory.ingredient", "pk": 13, "fields": {"name": "Coklat", "unit": "Kg", "quantity_in_stock": 19.775000000000002, "low_stock_threshold": 10.0}}, {"model": "inventory.ingredient", "pk": 14, "fields": {"name": "Packaging", "unit": "Pcs", "quantity_in_stock": 5000.0, "low_stock_threshold": 1000.0}}, {"model": "inventory.ingredient", "pk": 15, "fields": {"name": "Sedotan", "unit": "Pcs", "quantity_in_stock": 5000.0, "low_stock_threshold": 1000.0}}, {"model": "inventory.stockentry", "pk": 3, "fields": {"ingredient": 3, "quantity": 1.0, "timestamp": "2025-07-28T13:35:28.291Z", "reason": "manual_add"}}, {"model": "inventory.stockentry", "pk": 4, "fields": {"ingredient": 6, "quantity": -0.09, "timestamp": "2025-08-05T19:18:40.661Z", "reason": "sale_deduct"}}, {"model": "inventory.stockentry", "pk": 5, "fields": {"ingredient": 8, "quantity": -0.12, "timestamp": "2025-08-05T19:18:40.664Z", "reason": "sale_deduct"}}, {"model": "inventory.stockentry", "pk": 6, "fields": {"ingredient": 10, "quantity": -0.015, "timestamp": "2025-08-05T19:18:40.666Z", "reason": "sale_deduct"}}, {"model": "inventory.stockentry", "pk": 7, "fields": {"ingredient": 13, "quantity": -0.025, "timestamp": "2025-08-05T19:18:40.671Z", "reason": "sale_deduct"}}, {"model": "inventory.stockentry", "pk": 8, "fields": {"ingredient": 6, "quantity": 0.09, "timestamp": "2025-08-05T19:19:19.974Z", "reason": "sale_cancellation"}}, {"model": "inventory.stockentry", "pk": 9, "fields": {"ingredient": 8, "quantity": 0.12, "timestamp": "2025-08-05T19:19:19.976Z", "reason": "sale_cancellation"}}, {"model": "inventory.stockentry", "pk": 10, "fields": {"ingredient": 10, "quantity": 0.015, "timestamp": "2025-08-05T19:19:19.977Z", "reason": "sale_cancellation"}}, {"model": "inventory.stockentry", "pk": 11, "fields": {"ingredient": 13, "quantity": 0.025, "timestamp": "2025-08-05T19:19:19.978Z", "reason": "sale_cancellation"}}, {"model": "inventory.stockentry", "pk": 12, "fields": {"ingredient": 6, "quantity": -0.27, "timestamp": "2025-08-09T11:26:12.270Z", "reason": "sale_deduct"}}, {"model": "inventory.stockentry", "pk": 13, "fields": {"ingredient": 8, "quantity": -0.36, "timestamp": "2025-08-09T11:26:12.273Z", "reason": "sale_deduct"}}, {"model": "inventory.stockentry", "pk": 14, "fields": {"ingredient": 10, "quantity": -0.045, "timestamp": "2025-08-09T11:26:12.275Z", "reason": "sale_deduct"}}, {"model": "inventory.stockentry", "pk": 15, "fields": {"ingredient": 13, "quantity": -0.07500000000000001, "timestamp": "2025-08-09T11:26:12.277Z", "reason": "sale_deduct"}}, {"model": "inventory.stockentry", "pk": 16, "fields": {"ingredient": 3, "quantity": -1.0, "timestamp": "2025-08-09T11:33:21.092Z", "reason": "sale_deduct"}}, {"model": "inventory.stockentry", "pk": 17, "fields": {"ingredient": 6, "quantity": -0.18, "timestamp": "2025-08-09T12:41:46.203Z", "reason": "sale_deduct"}}, {"model": "inventory.stockentry", "pk": 18, "fields": {"ingredient": 8, "quantity": -0.24, "timestamp": "2025-08-09T12:41:46.206Z", "reason": "sale_deduct"}}, {"model": "inventory.stockentry", "pk": 19, "fields": {"ingredient": 10, "quantity": -0.03, "timestamp": "2025-08-09T12:41:46.210Z", "reason": "sale_deduct"}}, {"model": "inventory.stockentry", "pk": 20, "fields": {"ingredient": 13, "quantity": -0.05, "timestamp": "2025-08-09T12:41:46.213Z", "reason": "sale_deduct"}}, {"model": "inventory.stockentry", "pk": 21, "fields": {"ingredient": 6, "quantity": -0.09, "timestamp": "2025-08-09T12:52:16.226Z", "reason": "sale_deduct"}}, {"model": "inventory.stockentry", "pk": 22, "fields": {"ingredient": 8, "quantity": -0.12, "timestamp": "2025-08-09T12:52:16.228Z", "reason": "sale_deduct"}}, {"model": "inventory.stockentry", "pk": 23, "fields": {"ingredient": 10, "quantity": -0.015, "timestamp": "2025-08-09T12:52:16.229Z", "reason": "sale_deduct"}}, {"model": "inventory.stockentry", "pk": 24, "fields": {"ingredient": 13, "quantity": -0.025, "timestamp": "2025-08-09T12:52:16.231Z", "reason": "sale_deduct"}}, {"model": "inventory.stockentry", "pk": 25, "fields": {"ingredient": 3, "quantity": -1.0, "timestamp": "2025-08-09T12:52:16.237Z", "reason": "sale_deduct"}}, {"model": "inventory.stockentry", "pk": 26, "fields": {"ingredient": 6, "quantity": -0.18, "timestamp": "2025-08-09T12:52:31.412Z", "reason": "sale_deduct"}}, {"model": "inventory.stockentry", "pk": 27, "fields": {"ingredient": 8, "quantity": -0.24, "timestamp": "2025-08-09T12:52:31.414Z", "reason": "sale_deduct"}}, {"model": "inventory.stockentry", "pk": 28, "fields": {"ingredient": 10, "quantity": -0.03, "timestamp": "2025-08-09T12:52:31.416Z", "reason": "sale_deduct"}}, {"model": "inventory.stockentry", "pk": 29, "fields": {"ingredient": 13, "quantity": -0.05, "timestamp": "2025-08-09T12:52:31.419Z", "reason": "sale_deduct"}}, {"model": "inventory.stockentry", "pk": 30, "fields": {"ingredient": 3, "quantity": -1.0, "timestamp": "2025-08-09T12:52:47.551Z", "reason": "sale_deduct"}}, {"model": "inventory.stockentry", "pk": 31, "fields": {"ingredient": 3, "quantity": -1.0, "timestamp": "2025-08-09T12:53:45.524Z", "reason": "sale_deduct"}}, {"model": "inventory.stockentry", "pk": 32, "fields": {"ingredient": 3, "quantity": 1.0, "timestamp": "2025-08-09T12:54:49.216Z", "reason": "sale_cancellation"}}, {"model": "inventory.stockentry", "pk": 34, "fields": {"ingredient": 3, "quantity": -1.0, "timestamp": "2025-08-09T13:35:34.610Z", "reason": "sale_deduct"}}, {"model": "inventory.stockentry", "pk": 35, "fields": {"ingredient": 6, "quantity": -0.08, "timestamp": "2025-08-09T17:12:56.489Z", "reason": "sale_deduct"}}, {"model": "inventory.stockentry", "pk": 36, "fields": {"ingredient": 8, "quantity": -0.12, "timestamp": "2025-08-09T17:12:56.491Z", "reason": "sale_deduct"}}, {"model": "inventory.stockentry", "pk": 37, "fields": {"ingredient": 10, "quantity": -0.015, "timestamp": "2025-08-09T17:12:56.492Z", "reason": "sale_deduct"}}, {"model": "inventory.stockentry", "pk": 38, "fields": {"ingredient": 13, "quantity": -0.025, "timestamp": "2025-08-09T17:12:56.494Z", "reason": "sale_deduct"}}, {"model": "inventory.smoothiemenu", "pk": 8, "fields": {"name": "Choco Peel", "price": "15000.00"}}, {"model": "inventory.smoothiemenu", "pk": 9, "fields": {"name": "Sun Blast", "price": "20000.00"}}, {"model": "inventory.smoothiemenu", "pk": 10, "fields": {"name": "Berry Go", "price": "10000.00"}}, {"model": "inventory.smoothieingredient", "pk": 11, "fields": {"smoothie": 8, "ingredient": 13, "amount": 0.025}}, {"model": "inventory.smoothieingredient", "pk": 12, "fields": {"smoothie": 8, "ingredient": 6, "amount": 0.08}}, {"model": "inventory.smoothieingredient", "pk": 13, "fields": {"smoothie": 8, "ingredient": 8, "amount": 0.12}}, {"model": "inventory.smoothieingredient", "pk": 14, "fields": {"smoothie": 8, "ingredient": 10, "amount": 0.015}}, {"model": "customers.customer", "pk": 1, "fields": {"name": "Bimo", "phone": "081393562427", "joined_at": "2025-07-28"}}, {"model": "customers.customer", "pk": 2, "fields": {"name": "Faris", "phone": "085638294245", "joined_at": "2025-08-03"}}, {"model": "customers.customer", "pk": 3, "fields": {"name": "Fefeffw", "phone": "121231231", "joined_at": "2025-08-03"}}, {"model": "customers.customer", "pk": 4, "fields": {"name": "fewfwfwe", "phone": "3313131", "joined_at": "2025-08-03"}}, {"model": "customers.customer", "pk": 5, "fields": {"name": "gregegerg", "phone": "31311221", "joined_at": "2025-08-03"}}, {"model": "employee.employee", "pk": 1, "fields": {"name": "Rizky", "photo": "", "daily_salary": 85000}}, {"model": "employee.employee", "pk": 2, "fields": {"name": "Cahya", "photo": "", "daily_salary": 80000}}, {"model": "employee.attendance", "pk": 12, "fields": {"employee": 1, "check_in": "2025-08-09T07:03:28Z", "check_out": "2025-08-09T11:00:00Z", "check_in_photo": "", "check_out_photo": "", "payroll": 1}}, {"model": "employee.attendance", "pk": 13, "fields": {"employee": 1, "check_in": "2025-08-09T07:04:34.505Z", "check_out": null, "check_in_photo": "checkin_photos/CEMERLANG-19584x.JPG", "check_out_photo": "", "payroll": 2}}, {"model": "employee.attendance", "pk": 14, "fields": {"employee": 2, "check_in": "2025-08-09T07:51:49Z", "check_out": "2025-08-09T11:00:00Z", "check_in_photo": "", "check_out_photo": "", "payroll": 3}}, {"model": "employee.attendance", "pk": 15, "fields": {"employee": 2, "check_in": "2025-08-04T07:52:06Z", "check_out": "2025-08-04T11:00:00Z", "check_in_photo": "", "check_out_photo": "", "payroll": 3}}, {"model": "employee.attendance", "pk": 16, "fields": {"employee": 2, "check_in": "2025-08-09T09:54:17Z", "check_out": "2025-08-09T11:00:00Z", "check_in_photo": "", "check_out_photo": "", "payroll": 4}}, {"model": "employee.attendance", "pk": 17, "fields": {"employee": 1, "check_in": "2025-07-14T23:00:00Z", "check_out": "2025-07-15T11:00:00Z", "check_in_photo": "", "check_out_photo": "", "payroll": 5}}, {"model": "employee.attendance", "pk": 18, "fields": {"employee": 1, "check_in": "2025-08-09T14:29:17.982Z", "check_out": "2025-08-09T14:34:34.378Z", "check_in_photo": "checkin_photos/CEMERLANG-19584x_mABBNQj.JPG", "check_out_photo": "checkout_photos/CEMERLANG-19584xx.JPG", "payroll": null}}, {"model": "employee.attendance", "pk": 19, "fields": {"employee": 1, "check_in": "2025-08-09T18:40:10.670Z", "check_out": "2025-08-09T18:46:56.153Z", "check_in_photo": "checkin_photos/CEMERLANG-19584xx.JPG", "check_out_photo": "", "payroll": 6}}, {"model": "employee.payroll", "pk": 1, "fields": {"employee": 1, "period_start": "2025-08-09", "period_end": "2025-08-09", "total_paid": 0, "paid_at": "2025-08-09T14:26:36.201Z", "is_paid": true}}, {"model": "employee.payroll", "pk": 2, "fields": {"employee": 1, "period_start": "2025-08-09", "period_end": "2025-08-09", "total_paid": 0, "paid_at": "2025-08-09T14:26:46.875Z", "is_paid": true}}, {"model": "employee.payroll", "pk": 3, "fields": {"employee": 2, "period_start": "2025-08-04", "period_end": "2025-08-09", "total_paid": 0, "paid_at": "2025-08-09T07:52:18.550Z", "is_paid": false}}, {"model": "employee.payroll", "pk": 4, "fields": {"employee": 2, "period_start": "2025-08-09", "period_end": "2025-08-09", "total_paid": 0, "paid_at": "2025-08-09T10:10:19.143Z", "is_paid": true}}, {"model": "employee.payroll", "pk": 5, "fields": {"employee": 1, "period_start": "2025-07-14", "period_end": "2025-07-14", "total_paid": 85000, "paid_at": null, "is_paid": false}}, {"model": "employee.payroll", "pk": 6, "fields": {"employee": 1, "period_start": "2025-08-09", "period_end": "2025-08-09", "total_paid": 0, "paid_at": "2025-08-09T18:47:14.865Z", "is_paid": true}}, {"model": "sales.order", "pk": 11, "fields": {"name": "falef", "customer": null, "total_price": 45000, "payment_method": "qris", "is_ready": true, "is_served": true, "created_at": "2025-08-09T11:26:12.263Z", "ready_at": "2025-08-09T11:48:00.787Z", "served_at": "2025-08-09T11:48:11.166Z"}}, {"model": "sales.order", "pk": 13, "fields": {"name": "satu", "customer": null, "total_price": 20000, "payment_method": "qris", "is_ready": true, "is_served": true, "created_at": "2025-08-09T12:41:33.726Z", "ready_at": "2025-08-09T13:59:15.771Z", "served_at": "2025-08-09T13:59:21.616Z"}}, {"model": "sales.order", "pk": 14, "fields": {"name": "dua", "customer": null, "total_price": 20000, "payment_method": "qris", "is_ready": true, "is_served": true, "created_at": "2025-08-09T12:41:40.616Z", "ready_at": "2025-08-09T12:42:00.843Z", "served_at": "2025-08-09T13:59:21.164Z"}}, {"model": "sales.order", "pk": 15, "fields": {"name": "tiga", "customer": null, "total_price": 30000, "payment_method": "qris", "is_ready": true, "is_served": true, "created_at": "2025-08-09T12:41:46.196Z", "ready_at": "2025-08-09T13:59:16.766Z", "served_at": "2025-08-09T13:59:21.982Z"}}, {"model": "sales.order", "pk": 16, "fields": {"name": "kopken", "customer": null, "total_price": 75000, "payment_method": "qris", "is_ready": true, "is_served": true, "created_at": "2025-08-09T12:52:16.222Z", "ready_at": "2025-08-09T13:59:17.700Z", "served_at": "2025-08-09T13:59:22.313Z"}}, {"model": "sales.order", "pk": 17, "fields": {"name": "Bimo", "customer": 1, "total_price": 30000, "payment_method": "qris", "is_ready": true, "is_served": true, "created_at": "2025-08-09T12:52:31.406Z", "ready_at": "2025-08-09T13:59:18.215Z", "served_at": "2025-08-09T13:59:22.594Z"}}, {"model": "sales.order", "pk": 18, "fields": {"name": "rrr", "customer": null, "total_price": 30000, "payment_method": "qris", "is_ready": true, "is_served": true, "created_at": "2025-08-09T12:52:47.544Z", "ready_at": "2025-08-09T13:59:18.647Z", "served_at": "2025-08-09T13:59:22.798Z"}}, {"model": "sales.order", "pk": 19, "fields": {"name": "Member 1", "customer": null, "total_price": 30000, "payment_method": "cash", "is_ready": true, "is_served": true, "created_at": "2025-08-09T12:53:45.518Z", "ready_at": "2025-08-09T13:59:19.081Z", "served_at": "2025-08-09T13:59:23.130Z"}}, {"model": "sales.order", "pk": 20, "fields": {"name": "Bimo", "customer": 1, "total_price": 20000, "payment_method": "qris", "is_ready": true, "is_served": true, "created_at": "2025-08-09T12:56:48.420Z", "ready_at": "2025-08-09T13:59:19.482Z", "served_at": "2025-08-09T13:59:23.311Z"}}, {"model": "sales.order", "pk": 21, "fields": {"name": "Faris", "customer": 2, "total_price": 120000, "payment_method": "qris", "is_ready": true, "is_served": true, "created_at": "2025-08-09T13:12:50.096Z", "ready_at": "2025-08-09T13:59:19.881Z", "served_at": "2025-08-09T13:59:23.460Z"}}, {"model": "sales.order", "pk": 22, "fields": {"name": "Fefeffw", "customer": 3, "total_price": 30000, "payment_method": "qris", "is_ready": true, "is_served": true, "created_at": "2025-08-09T13:35:34.603Z", "ready_at": "2025-08-09T13:36:15.015Z", "served_at": "2025-08-09T13:36:17.769Z"}}, {"model": "sales.order", "pk": 23, "fields": {"name": "install", "customer": null, "total_price": 35000, "payment_method": "qris", "is_ready": false, "is_served": true, "created_at": "2025-08-09T17:12:56.478Z", "ready_at": null, "served_at": "2025-08-09T17:16:19.166Z"}}, {"model": "sales.orderitem", "pk": 16, "fields": {"order": 11, "smoothie": 8, "quantity": 3}}, {"model": "sales.orderitem", "pk": 20, "fields": {"order": 13, "smoothie": 9, "quantity": 1}}, {"model": "sales.orderitem", "pk": 21, "fields": {"order": 14, "smoothie": 9, "quantity": 1}}, {"model": "sales.orderitem", "pk": 22, "fields": {"order": 15, "smoothie": 8, "quantity": 2}}, {"model": "sales.orderitem", "pk": 23, "fields": {"order": 16, "smoothie": 8, "quantity": 1}}, {"model": "sales.orderitem", "pk": 24, "fields": {"order": 16, "smoothie": 9, "quantity": 1}}, {"model": "sales.orderitem", "pk": 25, "fields": {"order": 16, "smoothie": 10, "quantity": 1}}, {"model": "sales.orderitem", "pk": 27, "fields": {"order": 17, "smoothie": 8, "quantity": 2}}, {"model": "sales.orderitem", "pk": 30, "fields": {"order": 20, "smoothie": 9, "quantity": 1}}, {"model": "sales.orderitem", "pk": 31, "fields": {"order": 21, "smoothie": 9, "quantity": 6}}, {"model": "sales.orderitem", "pk": 33, "fields": {"order": 23, "smoothie": 8, "quantity": 1}}, {"model": "sales.orderitem", "pk": 34, "fields": {"order": 23, "smoothie": 9, "quantity": 1}}]